batch_no,乳糖,发酵时间,发酵温度,均质压力,待装温度,脂肪,蛋白质
MOCK20250101001,4.826,410.3193,39.3386,30.1993,3.9021,4.2499,2.2984
MOCK20250101002,4.7405,399.6717,38.8588,29.6961,4.4231,3.8842,2.2849
MOCK20250101003,4.4246,393.3396,39.0124,29.9656,4.4777,3.1518,2.5293
MOCK20250102004,4.6178,390.3077,38.7521,28.9281,3.7315,3.7096,1.9329
MOCK20250102005,4.8317,403.9539,39.1524,29.5051,3.6174,3.5511,2.1622
MOCK20250102006,4.6245,390.6803,39.2982,29.3121,2.8003,4.3111,2.217
MOCK20250103007,4.4001,403.0762,38.2063,30.2856,3.4644,4.4047,2.5611
MOCK20250103008,4.9671,407.163,39.0122,30.6988,4.0858,4.1364,1.9663
MOCK20250103009,4.6971,389.205,38.9419,29.8432,3.0556,3.3762,1.8804
MOCK20250104010,4.3147,394.4162,39.5738,30.9656,3.5456,3.4159,2.4967
MOCK20250104011,4.8977,409.1055,39.3419,29.9555,4.2646,3.3595,2.4566
MOCK20250104012,4.5645,389.8,39.3495,29.8943,5.5299,3.8442,2.3302
MOCK20250105013,4.8662,397.6022,39.1485,30.5771,3.5209,2.4687,1.6083
MOCK20250105014,5.145,388.2331,38.4613,30.0521,2.9497,3.5921,2.2594
MOCK20250105015,4.3449,408.2837,38.8372,29.351,3.3063,3.4647,2.2036
MOCK20250106016,4.9815,403.6582,38.8731,29.6605,4.0296,3.3134,3.33
MOCK20250106017,4.7943,396.0856,39.1248,30.7651,4.925,2.9368,2.0802
MOCK20250106018,4.2337,397.679,38.7262,28.5142,5.4963,4.2189,2.7547
MOCK20250107019,4.9023,398.5523,38.946,30.033,5.6161,3.9662,2.6044
MOCK20250107020,4.9871,398.8869,39.0964,29.115,2.512,3.6175,2.8
MOCK20250107021,3.8695,404.9328,39.4679,29.6475,4.3298,3.5347,2.6224
MOCK20250108022,5.339,399.9374,38.4409,29.3819,2.522,3.2367,1.3964
MOCK20250108023,4.8108,406.8099,38.4943,31.0361,4.5885,2.5425,2.8733
MOCK20250108024,4.5112,407.2645,38.5283,29.9974,4.4586,3.9022,1.764
MOCK20250109025,4.7232,389.0258,37.9106,29.9721,3.8982,3.7566,1.8589
MOCK20250109026,4.7003,384.5238,39.0329,29.991,3.825,3.0205,2.261
MOCK20250109027,4.6126,398.3724,39.651,29.418,4.4581,3.9148,3.3688
MOCK20250110028,4.7869,393.8379,38.9233,29.4395,2.7145,3.2898,2.3788
MOCK20250110029,4.6142,409.017,38.8749,30.483,3.7265,3.942,2.8763
MOCK20250110030,4.9596,390.64,39.1006,30.4227,4.0875,3.8905,2.6164
MOCK20250111031,4.1167,393.3594,39.2193,29.4127,5.0696,2.5043,2.9098
MOCK20250111032,4.5802,398.2275,38.6828,29.3248,4.6992,3.1487,2.2016
MOCK20250111033,5.2059,386.7577,38.7684,30.915,4.3861,4.4288,1.742
MOCK20250112034,4.2789,392.5876,39.2143,30.3654,2.8468,3.3257,2.882
MOCK20250112035,4.9609,392.2181,38.8829,30.2484,3.9807,2.8352,2.179
MOCK20250112036,5.0613,391.5621,38.6683,30.1838,4.5036,4.043,2.401
MOCK20250113037,4.5995,392.9555,38.7737,30.2021,3.2859,4.566,1.4219
MOCK20250113038,4.1587,394.8181,39.1301,31.4958,3.6751,3.0427,2.7001
MOCK20250113039,4.209,414.6398,39.2237,30.4602,3.3918,4.1677,1.7723
MOCK20250114040,5.0997,389.6933,39.6943,31.1146,2.5759,3.1631,2.5648
MOCK20250114041,4.3095,395.4791,38.5523,30.2866,3.7247,3.9911,1.6314
MOCK20250114042,4.8421,402.0918,38.5859,30.2433,4.0455,3.2471,2.6821
MOCK20250115043,4.4372,396.2337,38.0106,30.1613,4.8207,3.7726,2.0237
MOCK20250115044,4.6468,384.2343,39.0566,30.332,3.6708,2.8188,2.7682
MOCK20250115045,4.7786,400.123,38.7371,29.6497,4.2861,4.343,1.7756
MOCK20250116046,5.0096,393.86,38.6361,30.9175,3.5546,4.4648,2.5456
MOCK20250116047,4.3705,396.8671,39.3006,30.6136,2.987,3.8851,2.3303
MOCK20250116048,5.2401,385.5508,39.4443,30.8426,4.3324,3.5691,2.8489
MOCK20250117049,4.8272,406.5292,38.6247,29.8857,4.2994,3.8328,2.5582
MOCK20250117050,4.81,400.1852,38.9386,30.2522,2.9919,3.2897,2.474
MOCK20250117051,5.0595,411.9359,39.8984,29.9653,4.6242,3.3228,2.9148
MOCK20250118052,4.7527,397.6581,39.4209,29.7818,3.122,1.9074,2.2391
MOCK20250118053,5.2658,411.212,38.8353,30.1099,3.3651,2.375,2.4727
MOCK20250118054,4.9622,399.9344,39.4338,28.5933,4.0921,3.841,2.1009
MOCK20250119055,4.4269,391.464,39.1039,29.2524,3.2071,3.5421,3.0712
MOCK20250119056,4.4557,398.5445,38.4626,31.5615,3.1168,3.6563,3.228
MOCK20250119057,4.384,406.2515,38.5548,28.5184,3.9114,3.7546,1.9703
MOCK20250120058,4.7317,392.3104,38.9877,29.454,4.2882,3.7125,2.4441
MOCK20250120059,4.7335,396.3972,38.6963,29.4828,3.1252,4.9406,2.4923
MOCK20250120060,4.7052,410.9095,38.7505,31.0369,3.5369,3.2466,2.3233
MOCK20250121061,4.5694,385.7018,38.8931,29.8176,2.358,3.9313,3.0169
MOCK20250121062,4.8904,406.9625,39.6616,29.9114,4.9075,3.5222,1.8367
MOCK20250121063,4.7413,404.0226,39.7266,30.4257,4.8925,3.9528,2.4876
MOCK20250122064,5.1926,395.7073,38.5432,30.4196,3.3531,2.7807,2.4329
MOCK20250122065,4.7046,403.0436,39.3824,30.9935,3.7967,4.4417,3.0015
MOCK20250122066,4.8276,397.6716,38.7648,29.9913,3.5382,3.7946,3.2065
MOCK20250123067,5.1206,403.4345,39.078,29.4843,3.5454,3.9428,2.6682
MOCK20250123068,4.4493,403.8537,38.0619,29.7766,3.899,4.4926,2.8546
MOCK20250123069,4.4167,397.971,38.696,30.0084,3.8191,2.6117,2.5921
MOCK20250124070,4.9361,400.6437,38.66,29.2845,4.0335,3.1293,2.0633
MOCK20250124071,4.6181,400.2046,39.2231,29.4479,4.6956,3.8358,2.919
MOCK20250124072,4.7683,397.5636,38.7874,30.2804,3.0424,3.8924,1.7415
MOCK20250125073,5.2873,397.6333,39.3733,29.3738,3.9441,3.4762,2.5748
MOCK20250125074,4.8038,403.1372,39.5946,30.4544,3.9409,3.0214,2.588
MOCK20250125075,4.6509,387.2827,39.5352,30.6642,3.9817,3.7974,2.5246
MOCK20250126076,4.5524,405.0305,38.5936,31.2539,5.6106,4.2306,2.8403
MOCK20250126077,4.7907,405.9414,37.9448,29.9431,4.2206,3.9701,2.5168
MOCK20250126078,4.9452,395.2134,39.752,30.3963,4.9256,4.2442,2.256
MOCK20250127079,4.205,396.2713,39.1727,30.4886,5.2616,3.3242,1.6568
MOCK20250127080,4.7836,400.784,39.2575,29.7563,2.7385,3.8501,2.5188
MOCK20250127081,4.4097,396.05,39.0279,29.1582,3.2976,3.9481,3.4831
MOCK20250128082,4.6512,398.0707,39.5434,31.031,4.378,4.3148,1.4396
MOCK20250128083,4.7864,403.1345,38.4323,29.8925,4.5482,3.7479,2.3142
MOCK20250128084,4.9545,397.949,38.9001,31.1757,3.517,3.7804,1.768
MOCK20250129085,4.7978,396.695,38.8117,29.9655,3.7776,3.1137,2.7064
MOCK20250129086,4.6108,395.5409,39.2291,29.343,5.0221,2.8964,1.5013
MOCK20250129087,4.8883,403.5303,38.7962,30.3708,4.2305,3.192,3.2672
MOCK20250130088,4.8345,410.1474,39.1432,30.0601,3.4644,4.0224,1.8198
MOCK20250130089,4.9084,409.6845,40.0372,30.218,3.5526,3.8395,3.0507
MOCK20250130090,4.6956,395.1956,39.5164,29.0051,4.8382,4.4594,2.9615
MOCK20250131091,4.624,403.4443,38.9586,30.262,3.1711,3.1077,2.7093
MOCK20250131092,4.4114,412.7598,38.7991,30.071,4.1449,3.8829,2.4493
MOCK20250131093,4.9045,394.5025,38.661,30.2059,3.2113,3.0111,2.6866
MOCK20250201094,4.2899,394.2642,39.371,29.8581,3.8641,3.7668,2.5004
MOCK20250201095,4.2751,405.2,38.5268,30.5643,4.8789,3.9395,2.8035
MOCK20250201096,4.6073,397.8674,39.1073,30.1745,5.0484,4.3919,2.858
MOCK20250202097,4.9809,405.7652,38.5368,30.2786,3.3627,4.3076,2.3758
MOCK20250202098,4.596,399.4127,38.6673,29.359,2.7127,2.4791,2.4567
MOCK20250202099,5.2429,406.2326,39.5783,29.2457,3.4378,3.5972,2.7224
MOCK20250203100,4.367,400.9641,38.7207,30.8035,4.4089,3.8637,2.2137
MOCK20250203101,4.3042,392.8327,38.9514,28.7241,2.7476,3.2903,2.3189
MOCK20250203102,4.4044,400.9704,38.9915,29.446,4.2665,3.9963,3.0848
MOCK20250204103,4.0138,397.0459,39.2984,30.0503,4.0719,3.8736,2.9659
MOCK20250204104,4.6282,411.1652,39.0206,29.5898,4.8892,3.7253,2.0249
MOCK20250204105,4.9565,407.6015,39.0236,30.1701,3.0762,3.8518,2.5797
MOCK20250205106,4.599,399.5626,38.8368,29.2393,4.2837,3.344,3.1737
MOCK20250205107,4.7031,395.4924,39.4077,29.8707,4.0545,3.5098,2.9492
MOCK20250205108,4.8981,416.4992,39.3842,30.169,3.7002,4.7032,3.6077
MOCK20250206109,5.1034,418.1619,39.0449,29.0855,4.7533,3.0033,1.9364
MOCK20250206110,4.6133,414.6152,39.188,30.2711,4.1386,5.0521,2.4878
MOCK20250206111,4.6499,412.8512,39.4771,29.7117,2.8198,2.5614,2.6552
MOCK20250207112,4.464,403.7077,38.4537,29.3074,4.9763,3.2391,1.342
MOCK20250207113,4.9142,399.9427,38.9272,30.1166,2.4872,3.9105,2.8133
MOCK20250207114,4.9952,403.1532,39.0615,29.9936,3.108,3.362,2.2854
MOCK20250208115,4.7649,392.251,39.3555,30.6216,4.525,3.5706,2.9472
MOCK20250208116,4.6247,399.6318,39.0601,29.8904,3.6637,4.2898,1.6904
MOCK20250208117,4.8744,405.5878,38.7779,30.0537,5.6011,3.7492,3.5033
MOCK20250209118,4.8018,394.4207,39.0274,29.8455,4.7354,4.0327,3.4408
MOCK20250209119,4.887,391.1302,39.0618,29.3192,5.1872,3.0893,2.2781
MOCK20250209120,4.9724,401.1221,38.6397,30.2739,3.7076,2.5793,2.6995
MOCK20250210121,4.4548,401.088,38.8357,31.3194,3.7685,2.9649,2.1947
MOCK20250210122,4.8976,397.6456,39.2132,30.1288,4.7479,3.4389,1.8752
MOCK20250210123,4.4209,390.8229,38.819,29.1958,5.0978,4.1904,2.3974
MOCK20250211124,4.6149,407.6804,38.6071,29.6505,3.9153,4.2834,2.4155
MOCK20250211125,4.3247,402.9311,39.0579,30.343,4.1089,3.0493,2.5229
MOCK20250211126,4.4718,397.2083,39.1431,30.316,4.7331,3.7614,2.8085
MOCK20250212127,4.7565,401.9811,38.6543,30.9117,3.9237,3.0278,2.1806
MOCK20250212128,4.7461,399.6521,38.7791,30.5966,4.695,4.4446,2.1883
MOCK20250212129,4.4355,417.7423,38.3542,30.6078,2.2785,3.4524,1.6318
MOCK20250213130,5.1682,412.8822,40.2311,29.3854,4.173,4.1353,2.8797
MOCK20250213131,5.4906,409.3112,38.7575,30.0141,3.9765,3.225,1.7527
MOCK20250213132,4.6978,395.2374,38.5729,30.4458,3.6579,3.6527,2.5364
MOCK20250214133,4.9352,394.3812,38.7533,29.7196,3.582,3.5909,2.4064
MOCK20250214134,4.3097,401.5474,38.8003,30.5511,4.8925,2.7136,2.0685
MOCK20250214135,5.0649,400.7851,38.7467,29.7932,3.3603,4.2358,1.8702
MOCK20250215136,4.7183,416.5254,39.8257,29.2869,2.9373,4.2598,2.5195
MOCK20250215137,5.273,409.0275,39.4421,30.3447,3.1096,3.2609,3.3255
MOCK20250215138,4.9257,399.4434,39.1366,29.4609,3.4578,2.8416,3.4743
MOCK20250216139,4.8255,399.9781,38.5107,29.9765,4.767,3.8153,1.791
MOCK20250216140,4.9043,396.116,39.3369,30.909,3.7939,3.7085,2.2164
MOCK20250216141,4.7492,399.5,38.0944,29.7049,3.1952,2.2876,2.6533
MOCK20250217142,5.2466,402.7243,38.5203,29.2691,4.861,3.7934,3.0614
MOCK20250217143,4.7864,397.93,38.5064,30.2376,4.6004,3.3451,2.7825
MOCK20250217144,4.7301,392.1233,39.2062,30.1288,2.991,3.9773,2.9143
MOCK20250218145,4.5621,400.916,38.7336,30.4314,3.4944,3.1461,2.6326
MOCK20250218146,5.053,392.5639,39.1804,29.9187,5.3892,4.6104,2.228
MOCK20250218147,4.7798,379.6019,38.9012,30.3115,3.1271,3.3079,3.1558
MOCK20250219148,4.4724,403.345,38.9834,30.5699,3.9701,3.192,2.0229
MOCK20250219149,5.0959,401.0104,38.9844,29.3273,4.8983,4.6097,2.2003
MOCK20250219150,5.0887,393.6314,38.9191,30.3789,4.5218,3.3368,2.4417
MOCK20250220151,4.3891,405.6653,39.3988,30.5618,3.6289,3.4643,3.2565
MOCK20250220152,5.0035,395.3879,39.6974,29.9504,4.487,4.3719,2.2232
MOCK20250220153,5.04,410.4393,38.3256,30.6229,3.8989,4.1648,2.4188
MOCK20250221154,5.2707,391.6854,39.2369,29.8542,4.5961,4.3995,3.0338
MOCK20250221155,4.2489,410.7097,38.6266,28.9903,3.1789,3.4705,2.3671
MOCK20250221156,4.9117,400.2705,39.7042,30.0184,3.2841,3.8544,1.6843
MOCK20250222157,5.1431,401.0437,38.7856,30.047,4.2749,2.6504,3.3713
MOCK20250222158,4.9179,395.3756,39.1501,30.4874,4.894,3.548,2.7174
MOCK20250222159,4.6595,403.5208,38.8709,30.7322,3.1861,3.8015,1.9135
MOCK20250223160,4.5829,389.653,39.1401,30.6724,3.7026,3.1612,2.0488
MOCK20250223161,4.3578,392.2156,38.9793,30.8768,3.8741,2.0614,2.51
MOCK20250223162,4.2056,390.4943,38.6436,29.7816,4.3366,4.359,1.8346
MOCK20250224163,4.9039,398.1126,38.9622,29.4623,4.172,2.8607,3.4252
MOCK20250224164,4.7198,398.153,39.1599,30.2638,2.9542,2.9957,3.3616
MOCK20250224165,5.3055,400.6419,39.3614,30.0288,2.785,2.8279,2.3683
MOCK20250225166,4.1301,399.7164,39.1113,29.277,4.14,2.538,2.96
MOCK20250225167,4.8235,394.1501,39.0159,29.418,3.3552,3.8902,2.7106
MOCK20250225168,5.2948,392.3108,39.205,30.0177,2.9612,2.6684,2.485
MOCK20250226169,4.5009,396.4343,39.0487,30.0166,3.0999,4.2496,2.8566
MOCK20250226170,3.7845,393.4047,38.9379,30.0763,4.9411,2.9141,2.1006
MOCK20250226171,4.775,395.6047,38.4341,29.5499,4.5826,3.151,1.4058
MOCK20250227172,4.8186,400.4076,38.4264,30.3164,3.7975,3.3848,2.9639
MOCK20250227173,4.8649,396.902,39.7955,29.1981,3.3514,3.3913,2.3378
MOCK20250227174,4.8439,406.6858,39.1228,28.5931,4.1131,3.3948,2.1601
MOCK20250228175,4.4053,407.9958,38.5038,30.119,3.612,3.5006,3.269
MOCK20250228176,4.5285,399.6566,38.9721,29.2935,3.5772,3.0471,2.4435
MOCK20250228177,5.4655,408.311,39.2774,30.7228,4.2311,4.8088,2.462
MOCK20250301178,4.4199,404.0703,38.401,29.3356,3.5999,3.8229,2.4394
MOCK20250301179,4.8078,392.3347,38.9124,29.8415,4.1442,3.4496,2.2718
MOCK20250301180,4.7244,404.6759,38.9471,29.8918,4.9386,2.4651,2.881
MOCK20250302181,4.5274,393.7799,38.9282,30.9608,4.5958,3.6861,3.2302
MOCK20250302182,4.7484,408.4153,38.5301,30.0175,5.0734,3.5841,2.9556
MOCK20250302183,4.3891,399.7864,38.7643,29.9902,3.2954,2.9865,2.3415
MOCK20250303184,4.8161,396.932,39.06,29.9474,4.4236,2.6539,3.6937
MOCK20250303185,4.9061,410.7359,38.6536,30.9451,3.9065,3.7938,2.3694
MOCK20250303186,4.5386,394.7961,38.9841,30.048,3.269,3.6544,2.7367
MOCK20250304187,4.8355,402.6795,39.6576,31.6679,5.7971,3.7542,2.2195
MOCK20250304188,4.8169,396.0233,39.0892,30.1701,3.2706,4.0794,2.4926
MOCK20250304189,4.5246,404.9981,39.4317,29.9453,4.0795,3.0885,2.9308
MOCK20250305190,4.4592,387.2799,39.4497,28.7608,2.9413,4.2959,1.2621
MOCK20250305191,4.7838,390.6944,39.7488,30.1213,3.6237,2.8513,2.4671
MOCK20250305192,4.1761,389.4597,38.6656,30.54,4.5832,3.7493,2.4065
MOCK20250306193,4.8426,397.4924,38.3515,30.1952,4.7113,2.5672,2.3583
MOCK20250306194,4.681,386.3573,39.4354,29.9073,4.5353,3.8344,2.0966
MOCK20250306195,4.442,415.6849,39.0955,29.5718,3.1722,3.0443,3.5253
MOCK20250307196,4.5291,411.7094,39.2696,30.0251,3.8321,3.0064,1.2354
MOCK20250307197,4.803,399.3695,38.7303,30.8911,4.075,4.7999,2.562
MOCK20250307198,4.9061,414.4173,39.3273,30.5654,3.1996,3.7139,2.2049
MOCK20250308199,4.3804,394.4609,38.6677,30.8617,3.7243,3.7497,2.1772
MOCK20250308200,5.0012,391.986,38.6882,29.7437,3.5497,2.5227,2.0566
MOCK20250308201,4.8868,400.2022,39.4944,31.507,4.8265,3.6037,2.9575
MOCK20250309202,5.3718,412.1701,39.3098,30.4024,2.9694,3.1589,3.0017
MOCK20250309203,4.388,378.9795,39.0366,30.9237,3.4375,2.4015,2.5224
MOCK20250309204,4.3945,410.3647,38.9509,29.3044,5.1083,3.884,2.763
MOCK20250310205,4.2772,391.5775,38.8169,30.3621,5.1725,4.5331,1.8742
MOCK20250310206,3.8694,412.8585,38.9121,29.9297,3.1148,3.4989,2.5645
MOCK20250310207,4.5532,402.8175,39.1952,29.7583,4.6234,4.0106,2.9863
MOCK20250311208,4.7455,387.3913,39.0259,29.6974,4.8925,3.0695,2.5548
MOCK20250311209,4.6469,401.8577,38.7673,29.3396,2.3248,2.3049,1.9875
MOCK20250311210,5.0813,402.5464,38.7835,29.1246,4.66,2.4236,1.7488
MOCK20250312211,4.3142,390.1203,38.9241,31.1673,4.2082,3.2949,2.9269
MOCK20250312212,5.4222,408.8162,38.6741,29.8993,4.8288,4.2761,2.8085
MOCK20250312213,4.3276,397.8979,38.7888,29.031,5.884,3.09,2.5325
MOCK20250313214,4.2156,398.5322,39.1027,30.249,4.0376,3.939,2.8356
MOCK20250313215,4.4593,401.7756,38.8993,29.0308,4.0222,3.2147,2.0612
MOCK20250313216,4.8702,391.2262,39.824,28.5647,4.4631,2.5778,3.0209
MOCK20250314217,4.88,406.6485,38.2438,30.8553,4.1837,4.442,2.1816
MOCK20250314218,4.3268,398.0961,39.2539,30.8068,3.3504,3.7365,2.8857
MOCK20250314219,4.6156,396.7041,38.401,30.1704,4.9463,3.4559,2.2157
MOCK20250315220,4.4753,406.3593,38.3087,30.0424,4.1901,3.5791,2.8753
MOCK20250315221,4.8816,394.2316,39.0698,29.1385,4.641,3.1198,2.4731
MOCK20250315222,4.5709,399.7976,39.3069,30.2833,4.786,4.2675,2.8546
MOCK20250316223,5.3632,409.758,39.5543,31.0495,4.162,3.0508,1.9067
MOCK20250316224,4.6077,399.2803,38.923,30.4973,4.8474,2.6153,2.4675
MOCK20250316225,4.4514,398.9837,39.0215,30.7959,4.3973,3.1602,1.7001
MOCK20250317226,5.0866,395.9662,39.476,30.4424,4.4704,3.3234,2.504
MOCK20250317227,5.2097,381.2894,39.0224,30.0805,4.1849,3.7189,2.9227
MOCK20250317228,4.9283,380.1084,38.4394,31.2944,4.903,3.0632,1.8607
MOCK20250318229,4.6304,396.6679,38.6764,30.4996,3.6106,4.1269,2.2901
MOCK20250318230,4.8093,407.1093,39.1091,29.6663,3.7627,4.5,2.4919
MOCK20250318231,4.3591,412.4335,39.1097,29.6195,4.8944,3.2302,2.2657
MOCK20250319232,4.9259,390.7374,39.654,30.1064,3.9533,3.5905,1.6037
MOCK20250319233,5.1704,406.0021,39.3945,30.232,6.1199,4.1018,2.3694
MOCK20250319234,4.5562,405.9845,39.2189,29.3771,4.7203,3.0,2.8318
MOCK20250320235,4.7275,394.6903,38.8153,30.3162,3.6176,3.1667,2.7524
MOCK20250320236,4.9019,403.2642,39.0939,30.0093,4.4004,4.7308,2.5907
MOCK20250320237,4.4866,384.877,39.5908,29.1743,4.3832,3.4678,3.3901
MOCK20250321238,4.43,403.7594,39.6606,29.7284,4.0637,2.6483,2.3748
MOCK20250321239,4.7358,404.2197,38.8963,30.1745,3.7642,4.0573,2.9572
MOCK20250321240,4.6904,398.6617,39.2855,29.7356,2.7062,2.9095,2.8898
MOCK20250322241,5.2102,404.1988,39.1773,30.6665,5.0122,4.2924,3.2886
MOCK20250322242,4.5738,392.5924,38.5254,30.6688,4.9095,3.6314,2.3722
MOCK20250322243,4.6791,414.6884,38.5415,29.8915,5.276,3.7164,2.8278
MOCK20250323244,4.4861,410.3639,39.6932,29.5683,3.9469,2.8109,1.942
MOCK20250323245,5.1244,403.7716,38.9264,31.1996,2.7156,4.2726,2.6208
MOCK20250323246,4.9482,402.2628,38.9347,29.9905,4.5295,3.7874,2.8317
MOCK20250324247,4.6386,399.5269,38.9711,28.625,5.2002,3.7703,2.6622
MOCK20250324248,4.5872,388.8472,38.931,31.3723,3.2138,4.7567,1.8598
MOCK20250324249,4.5416,398.4551,38.8773,30.4128,4.0598,2.8182,2.3885
MOCK20250325250,4.8301,395.1229,38.911,29.5162,3.3001,2.8559,3.4272
MOCK20250325251,4.6227,397.6354,38.7752,29.9819,3.9961,4.4125,2.2118
MOCK20250325252,5.3995,403.2426,39.1201,29.56,4.8323,3.4191,2.9123
MOCK20250326253,4.4565,400.2396,39.0507,29.6328,3.2715,3.0192,2.533
MOCK20250326254,4.7877,393.5125,38.5104,30.2842,3.2316,2.9514,2.5237
MOCK20250326255,4.7299,406.2435,38.5414,30.693,3.7046,2.9883,3.2466
MOCK20250327256,4.8333,388.5699,39.309,30.0877,4.2048,3.6444,2.7284
MOCK20250327257,4.6026,384.3973,38.9344,29.6965,4.0603,3.1119,2.5316
MOCK20250327258,4.1342,400.8252,38.2495,29.7726,6.0415,2.4746,3.0347
MOCK20250328259,4.5697,413.4589,37.7007,31.0038,3.4983,3.5181,2.1271
MOCK20250328260,4.2118,398.3818,39.2377,30.4839,3.7946,2.3446,2.554
MOCK20250328261,4.7517,401.1426,39.0173,29.3384,2.8315,3.5065,2.7874
MOCK20250329262,4.9592,392.4742,38.7294,30.4621,3.9192,2.9307,2.1628
MOCK20250329263,4.6422,411.5095,38.6104,29.2636,4.7266,4.1565,1.7819
MOCK20250329264,5.6152,404.3365,40.3586,30.5617,3.9685,3.0234,1.5848
MOCK20250330265,4.5606,403.8371,38.4571,28.3736,4.6215,3.6735,1.683
MOCK20250330266,4.955,388.7472,39.7146,29.9411,3.8422,2.6195,2.4543
MOCK20250330267,4.9654,402.4248,38.7035,30.442,3.2256,2.8718,2.9163
MOCK20250331268,5.2955,406.8833,38.1136,30.3483,4.6801,3.547,3.2535
MOCK20250331269,4.0123,388.9078,39.243,29.8493,2.2159,3.5618,1.9128
MOCK20250331270,4.4071,393.0514,38.8152,29.9381,4.2839,2.9405,2.0891
MOCK20250401271,5.2067,397.9283,38.3541,30.0442,3.8098,3.1746,2.5684
MOCK20250401272,4.2519,396.5548,39.006,30.7166,4.1425,3.1022,2.841
MOCK20250401273,4.983,398.6535,38.9374,29.708,3.7397,3.5632,2.8316
MOCK20250402274,4.7819,406.261,38.859,30.2554,4.4653,2.7403,2.9148
MOCK20250402275,4.7305,413.7729,38.3354,29.901,4.3602,3.5953,2.4
MOCK20250402276,4.8609,391.7689,38.5035,30.65,3.9001,2.4531,3.1503
MOCK20250403277,4.8785,406.0937,39.1904,30.3954,4.6177,2.9718,2.3728
MOCK20250403278,4.9619,396.9812,38.8684,30.4381,3.5218,3.1332,2.0098
MOCK20250403279,4.4201,393.8548,37.9871,29.6432,5.6435,4.5426,2.6474
MOCK20250404280,4.6861,398.8865,38.7706,29.3955,4.1217,2.6478,2.8818
MOCK20250404281,4.8954,404.2343,39.1878,30.6319,4.774,4.1162,2.5697
MOCK20250404282,4.2451,395.4419,39.0378,30.5854,4.9914,3.572,1.8906
MOCK20250405283,5.1033,398.771,38.8414,29.6374,3.414,2.9335,1.7498
MOCK20250405284,4.5922,400.6648,38.746,30.8472,3.6259,3.0877,2.5434
MOCK20250405285,4.8529,401.1579,39.038,28.6498,2.2986,3.913,2.861
MOCK20250406286,4.6285,399.275,38.8727,30.4087,2.5056,2.8998,2.3933
MOCK20250406287,4.8468,392.6063,39.2396,29.4182,4.5198,2.562,1.7062
MOCK20250406288,4.936,404.8849,39.2942,29.7457,3.5486,3.6259,3.2277
MOCK20250407289,4.4355,401.5208,38.6439,30.2008,4.8359,3.5997,2.9641
MOCK20250407290,4.5259,402.5523,39.3871,30.4945,2.1484,3.9539,2.0837
MOCK20250407291,4.9521,392.5005,38.8917,29.2601,4.3442,3.7792,2.3582
MOCK20250408292,4.8618,404.2413,39.3622,30.0352,4.7371,3.7312,2.5242
MOCK20250408293,4.3127,391.1438,40.0808,30.1966,4.7923,3.9584,2.7538
MOCK20250408294,4.8015,410.7281,39.6442,29.9778,3.9306,3.142,2.7732
MOCK20250409295,4.7799,402.086,38.8864,30.069,3.0988,4.0699,2.118
MOCK20250409296,4.8156,405.7955,38.6819,29.8387,5.0469,3.8771,2.4438
MOCK20250409297,4.5398,392.0878,38.8202,31.3714,3.6362,3.8065,2.7656
MOCK20250410298,4.1066,392.429,38.8911,31.2328,3.7607,4.233,2.116
MOCK20250410299,4.4902,399.7131,39.032,30.288,4.4309,4.1785,2.5995
MOCK20250410300,5.1615,406.1042,39.1675,29.7452,2.8238,3.6187,1.8393
MOCK20250411301,4.7821,399.3492,38.9778,28.8721,4.1266,3.2689,3.0447
MOCK20250411302,4.3692,404.4726,40.1161,29.6227,4.3875,2.7143,3.2528
MOCK20250411303,5.4138,400.7907,38.6276,30.1596,4.8598,2.8435,2.9375
MOCK20250412304,4.3991,410.0957,38.8852,29.8013,4.6308,2.9205,1.9265
MOCK20250412305,4.3484,395.3413,38.5449,31.1857,3.3924,3.4284,2.2873
MOCK20250412306,4.8702,391.9761,38.766,30.6673,3.8365,3.5555,3.0246
MOCK20250413307,5.1029,408.5812,38.4629,29.7122,3.7577,2.9236,2.2433
MOCK20250413308,4.5183,404.7915,38.8837,30.3571,3.824,3.404,3.8501
MOCK20250413309,4.3615,400.1054,38.6156,29.5139,4.535,3.5174,2.7837
MOCK20250414310,4.6909,413.4476,39.0109,29.1809,4.1642,3.3467,2.0399
MOCK20250414311,5.1351,406.3058,39.7208,30.4779,4.3625,4.3925,2.6382
MOCK20250414312,4.801,401.3728,38.7473,30.2395,3.3576,3.5443,3.1004
MOCK20250415313,4.6751,398.7451,38.9051,29.4367,3.8545,4.0451,2.4011
MOCK20250415314,4.3369,393.9067,39.4018,29.0976,2.3934,3.2497,2.3366
MOCK20250415315,4.5917,398.3885,38.5579,30.1525,3.0976,3.966,2.0571
MOCK20250416316,4.4946,396.0955,38.9818,29.7461,3.3209,3.0246,3.0612
MOCK20250416317,4.802,388.215,39.5095,30.3512,3.3216,3.8652,2.6351
MOCK20250416318,4.7043,410.1429,38.9887,31.2971,5.0352,2.6495,2.1381
MOCK20250417319,4.5802,389.0622,39.4132,30.9991,3.5088,3.1994,1.8973
MOCK20250417320,4.9409,400.5842,38.9507,29.7464,3.9431,3.2939,2.7952
MOCK20250417321,5.0247,397.682,39.6201,30.4018,3.4853,3.4921,2.2432
MOCK20250418322,5.2343,390.125,39.5086,30.6463,4.5516,4.0546,2.5275
MOCK20250418323,4.9354,405.2827,39.3386,30.5842,3.0703,3.5862,2.5447
MOCK20250418324,4.4077,400.5394,38.1326,30.2947,3.7134,3.2856,2.1409
MOCK20250419325,4.5298,391.1672,39.1989,29.8273,4.7338,3.8293,1.845
MOCK20250419326,4.5586,402.9012,39.4,29.4127,4.2887,4.6397,2.0007
MOCK20250419327,4.6337,401.5462,38.8833,30.308,4.4149,3.346,1.6363
MOCK20250420328,4.9188,384.8959,39.1544,29.9859,2.1832,2.8528,2.6916
MOCK20250420329,5.0731,399.143,39.0987,30.0572,3.3712,3.6245,2.6179
MOCK20250420330,4.3332,399.2844,38.9567,29.1524,4.6704,3.9827,2.375
MOCK20250421331,4.8705,412.6954,38.6154,30.0692,3.0679,3.4777,1.6188
MOCK20250421332,4.7866,408.7066,39.4565,29.4599,4.226,3.5868,3.0168
MOCK20250421333,4.1153,415.9762,39.9017,30.3465,4.8929,3.3557,2.6305
MOCK20250422334,4.8269,404.5899,38.7512,29.9704,3.7719,2.768,2.8073
MOCK20250422335,4.1155,396.948,38.3423,29.3303,3.7867,2.2372,2.1823
MOCK20250422336,5.0335,416.9235,38.508,30.3051,3.9834,3.5859,3.0037
MOCK20250423337,4.0103,379.4578,38.793,29.1611,3.4087,3.4875,1.5308
MOCK20250423338,5.2204,396.4666,38.8687,29.6174,3.392,3.3522,2.0474
MOCK20250423339,4.4577,394.0607,38.4529,29.5082,3.6087,4.4475,3.0297
MOCK20250424340,5.1163,391.2051,38.7796,28.8968,4.5361,2.7243,2.368
MOCK20250424341,4.2754,399.1369,38.9076,29.66,3.5623,2.7159,2.8964
MOCK20250424342,4.9673,410.27,38.5799,29.4219,3.4936,4.937,2.791
MOCK20250425343,4.844,408.979,38.6559,30.0651,4.4922,3.8654,2.8516
MOCK20250425344,4.4346,388.6786,39.2088,30.1234,3.6277,2.8977,2.0804
MOCK20250425345,4.2301,392.5326,38.3325,29.6759,4.7421,3.3453,2.5747
MOCK20250426346,5.1429,401.2442,38.2724,29.9727,4.6177,3.6582,2.4701
MOCK20250426347,4.6159,400.6511,39.2823,29.3231,3.399,2.9929,2.752
MOCK20250426348,5.1581,395.7053,40.3934,29.9621,5.0969,3.8364,2.9041
MOCK20250427349,5.1689,394.4333,39.0348,30.7589,3.5139,3.743,2.742
MOCK20250427350,4.795,407.1357,39.648,30.461,3.9744,4.1011,2.8737
MOCK20250427351,4.4839,417.0557,40.1861,29.7902,4.1373,3.6855,2.7568
MOCK20250428352,4.3404,391.6282,40.2608,29.8176,3.4382,4.0942,3.0233
MOCK20250428353,4.8812,399.9161,38.8617,30.0962,2.5868,2.9348,2.59
MOCK20250428354,4.1446,401.0996,38.1093,30.0769,3.3069,3.5333,2.6915
MOCK20250429355,5.1405,388.9015,38.4617,30.2358,3.9354,3.3808,2.4975
MOCK20250429356,4.4619,392.9898,38.5452,28.6238,4.0679,3.4069,2.5361
MOCK20250429357,4.6338,401.3305,39.1105,30.0934,5.5988,3.6481,2.552
MOCK20250430358,4.5017,413.4929,38.9987,30.8824,3.1096,3.0781,2.7568
MOCK20250430359,4.4979,402.2968,38.7382,31.0183,5.2949,3.5771,1.8952
MOCK20250430360,4.4514,400.0022,39.2647,29.2179,4.3471,3.167,2.3957
MOCK20250501361,5.0689,415.7211,38.9193,29.9516,3.5068,3.264,2.1343
MOCK20250501362,4.368,401.5492,39.0367,29.5431,3.6812,3.4242,2.3377
MOCK20250501363,4.8846,410.464,38.6862,30.1818,4.0448,2.8875,3.1848
MOCK20250502364,5.1052,400.2539,38.4858,29.9377,4.2341,3.2603,3.1358
MOCK20250502365,4.8244,402.7562,38.6175,29.5108,4.6013,4.303,3.1535
MOCK20250502366,4.5334,405.8798,39.1255,29.8106,3.9035,4.0177,2.3644
MOCK20250503367,4.6372,395.1261,37.7437,30.3251,5.4336,3.3874,2.6328
MOCK20250503368,4.4471,387.6901,38.5367,29.812,4.4522,4.4344,2.8192
MOCK20250503369,5.5128,387.8272,38.2614,29.9352,3.5971,3.3107,2.7387
MOCK20250504370,4.4231,413.2533,38.0959,30.8325,4.6238,2.7158,2.7606
MOCK20250504371,4.9632,384.6743,39.3469,30.6183,4.1402,4.1195,2.6881
MOCK20250504372,4.825,396.9221,39.6249,29.3104,4.457,2.7216,3.0218
MOCK20250505373,5.0707,411.0539,39.6843,29.9311,4.0517,4.1471,2.9179
MOCK20250505374,4.7228,384.8779,39.1909,29.3174,3.2428,2.6267,1.6524
MOCK20250505375,4.6432,398.2696,39.0931,29.4225,5.6015,3.39,2.4212
MOCK20250506376,4.7988,407.8379,38.6386,30.2231,5.0337,4.8301,2.609
MOCK20250506377,4.6084,400.0758,39.2607,30.5255,2.5786,3.5946,2.1565
MOCK20250506378,4.7229,398.4537,39.1284,30.0415,4.7257,3.6811,2.808
MOCK20250507379,4.7905,401.8681,39.1887,30.3128,2.2606,4.0574,2.4473
MOCK20250507380,4.2354,404.0732,38.8281,29.8279,2.705,3.3814,2.6995
MOCK20250507381,4.5163,400.6261,39.5807,30.4998,3.943,2.8084,3.352
MOCK20250508382,4.8399,404.7761,39.0719,30.2191,4.636,4.1011,2.0233
MOCK20250508383,5.1454,396.077,39.1643,30.814,3.803,3.7434,2.3021
MOCK20250508384,4.5009,398.7005,39.1469,30.018,2.9407,3.4544,3.1871
MOCK20250509385,4.9234,403.8781,39.2129,30.0641,4.3546,3.4923,2.5833
MOCK20250509386,4.7538,409.9597,38.7973,29.4961,3.4167,4.0251,2.9309
MOCK20250509387,4.6792,396.7382,38.7599,30.122,3.7979,3.0096,2.2431
MOCK20250510388,4.9575,403.8671,39.3257,30.6683,1.8825,3.1828,3.0041
MOCK20250510389,4.2357,398.296,39.3057,30.7792,3.6196,3.2324,2.7352
MOCK20250510390,4.9813,397.8076,39.5775,30.2267,3.4596,3.2623,2.034
MOCK20250511391,4.5759,394.379,38.7435,29.7475,3.2467,3.6006,2.6455
MOCK20250511392,4.2603,397.5323,39.0013,29.6512,4.6079,3.7179,2.3372
MOCK20250511393,4.4109,400.9328,39.0233,30.2039,3.3963,2.9281,2.737
MOCK20250512394,4.7015,399.0739,39.1201,30.0888,4.7715,3.4177,4.0669
MOCK20250512395,4.9646,404.3077,39.3348,30.6746,4.3438,3.3626,2.0489
MOCK20250512396,4.7314,395.3879,39.0057,29.6347,3.3505,4.583,2.3385
MOCK20250513397,4.7144,404.1117,38.8256,30.6447,5.2659,4.1039,1.3509
MOCK20250513398,5.0475,388.7309,38.8884,29.1655,4.4757,3.5256,2.4166
MOCK20250513399,4.6785,401.2924,39.334,30.7334,3.904,3.2866,2.6373
MOCK20250514400,4.9418,410.6313,38.8619,29.9573,4.6804,4.2741,2.5554
MOCK20250514401,4.3656,404.8581,40.2285,30.1745,2.7651,3.7265,2.0551
MOCK20250514402,4.8942,405.597,38.838,30.2296,5.3871,4.6664,2.7291
MOCK20250515403,5.0911,405.7059,39.1758,30.0344,4.5425,2.6516,2.4305
MOCK20250515404,5.151,397.0443,38.4168,30.7265,4.7816,3.8883,2.7481
MOCK20250515405,4.7018,402.8795,39.2784,30.4052,3.0206,2.9396,1.784
MOCK20250516406,4.1242,407.1628,38.8109,30.4661,2.7046,3.8905,2.0394
MOCK20250516407,4.7427,410.0006,38.5936,29.8918,5.5851,3.5759,2.155
MOCK20250516408,4.2873,396.8916,39.5005,29.3558,3.1693,2.5716,2.4107
MOCK20250517409,5.1085,403.9214,38.4617,29.2768,4.34,4.3004,2.9613
MOCK20250517410,5.333,393.8535,38.2491,29.8505,3.2603,3.8324,2.9384
MOCK20250517411,4.4153,407.2121,39.2319,29.5062,2.2711,3.412,2.4167
MOCK20250518412,4.2493,380.737,39.4008,30.1777,5.1204,3.0464,2.9703
MOCK20250518413,4.6709,387.552,39.0449,30.4952,2.9444,3.4641,2.6801
MOCK20250518414,4.4319,391.0118,39.3913,30.219,4.4924,3.1433,1.7735
MOCK20250519415,4.9851,396.7394,39.088,30.1067,3.8298,3.2928,2.1656
MOCK20250519416,4.3898,392.7669,39.5423,29.2765,4.4716,3.0282,2.269
MOCK20250519417,4.4686,393.0355,38.5795,29.3938,3.7461,3.9555,2.1953
MOCK20250520418,4.432,412.0171,39.5191,28.8327,3.5443,3.0799,2.7466
MOCK20250520419,4.3583,413.0607,38.5628,29.7665,3.5683,2.808,2.8056
MOCK20250520420,4.6919,386.5641,38.5185,29.4756,2.4823,3.196,1.8772
MOCK20250521421,4.9564,407.1253,39.2729,30.8552,5.0696,3.2207,1.2194
MOCK20250521422,4.9416,420.3041,38.5609,29.279,4.7891,3.4736,2.517
MOCK20250521423,4.681,405.6766,39.0957,30.1908,4.2536,4.0538,2.5832
MOCK20250522424,4.7204,399.833,38.9483,30.3727,5.0962,3.087,2.4411
MOCK20250522425,4.5575,408.7482,38.9693,29.8732,4.7754,3.3646,2.4373
MOCK20250522426,4.8115,392.8103,39.2004,29.789,5.8695,3.0219,2.7796
MOCK20250523427,4.2927,401.2107,39.0173,29.5402,2.8811,2.9368,3.1375
MOCK20250523428,4.4462,403.3072,39.4132,28.6693,3.3487,4.4263,3.0655
MOCK20250523429,4.6966,401.6759,38.9918,30.0867,3.6655,3.4923,2.5862
MOCK20250524430,4.8699,396.2242,38.9038,29.0983,3.6041,3.7484,2.5868
MOCK20250524431,5.1145,395.7785,39.1684,30.0891,6.1962,3.3892,1.6838
MOCK20250524432,4.9467,388.0431,38.9467,29.6785,4.2052,3.1024,2.2204
MOCK20250525433,5.0046,401.5126,39.3178,29.9612,3.3805,4.1006,2.3629
MOCK20250525434,5.1193,402.9792,39.0512,29.1635,4.0987,2.8109,2.9409
MOCK20250525435,4.3681,392.8339,39.0495,30.9174,5.9722,2.9063,2.8035
MOCK20250526436,4.3115,394.3492,39.7559,30.4248,5.2802,3.1674,2.8238
MOCK20250526437,4.6394,399.3223,38.233,29.5794,3.2421,3.7075,2.3918
MOCK20250526438,5.0433,410.8971,39.3828,29.0982,4.0879,3.0777,2.5049
MOCK20250527439,4.7611,387.2959,38.1238,30.2362,4.4067,2.9054,2.6137
MOCK20250527440,4.7722,412.7973,38.4552,30.6446,4.4747,2.6486,2.7622
MOCK20250527441,4.7424,408.6679,38.9347,29.982,4.3378,3.6694,1.43
MOCK20250528442,4.5733,398.4103,38.9038,29.9336,4.3938,3.6819,1.908
MOCK20250528443,4.4146,394.8655,38.6888,30.5264,4.1647,3.7662,2.1597
MOCK20250528444,4.3868,405.0499,39.3436,28.7871,5.1227,3.1586,2.9781
MOCK20250529445,4.5292,390.3326,38.8932,30.3153,3.7785,3.2209,2.3888
MOCK20250529446,5.0721,408.8891,38.7685,30.1315,3.6954,3.4725,3.0997
MOCK20250529447,5.1286,401.2507,38.9787,30.2509,4.1172,3.293,3.1233
MOCK20250530448,4.499,387.4255,38.9038,30.0878,3.1314,2.4972,1.8218
MOCK20250530449,4.8717,399.7532,38.7899,29.4321,4.8365,3.6679,3.1052
MOCK20250530450,4.7433,400.2185,38.5529,29.9827,5.3661,3.4583,2.5443
MOCK20250531451,4.8984,404.2566,38.6173,29.4781,4.1896,3.3678,2.4001
MOCK20250531452,4.5176,405.0192,38.3858,30.2748,3.5111,3.1488,1.8835
MOCK20250531453,4.5071,404.4052,39.7954,30.7215,3.2618,2.6952,2.5415
MOCK20250601454,4.3182,404.9551,39.1382,29.9683,4.6217,3.781,3.6066
MOCK20250601455,4.4067,405.6638,39.4961,30.061,4.4152,3.3624,1.9913
MOCK20250601456,4.9658,412.3402,39.4211,29.2237,3.0195,3.8809,2.8885
MOCK20250602457,4.7946,387.6776,38.835,30.0708,3.5639,4.1336,2.8284
MOCK20250602458,4.5941,401.3826,39.5179,30.1112,3.3192,3.0188,2.0622
MOCK20250602459,4.7409,391.0736,38.9167,30.2989,4.1708,3.8932,2.0888
MOCK20250603460,4.1613,405.0701,38.9968,30.9963,3.545,2.6946,2.5263
MOCK20250603461,5.0079,401.3015,39.1551,28.9206,4.4888,3.5822,3.4864
MOCK20250603462,4.4388,403.6189,38.3219,29.6609,3.4232,4.5994,2.5976
MOCK20250604463,4.273,394.4319,40.3535,29.2853,5.2487,3.5852,2.9065
MOCK20250604464,4.6696,393.9103,40.1974,30.6984,4.555,3.6668,2.8432
MOCK20250604465,4.7805,409.6923,38.7495,28.8466,3.5125,4.0834,2.8862
MOCK20250605466,4.9185,399.1249,38.2671,30.371,3.6125,3.6598,3.3869
MOCK20250605467,4.3849,390.7262,39.1067,30.5489,3.8895,3.9172,2.1865
MOCK20250605468,4.4344,398.2965,38.6072,29.295,3.4338,2.4398,2.6953
MOCK20250606469,4.8936,397.0946,39.0261,29.317,2.7907,2.9333,2.444
MOCK20250606470,5.0735,400.6027,39.648,30.1987,4.8782,3.8191,1.7015
MOCK20250606471,5.1264,396.743,39.3744,29.9094,4.5802,3.5445,2.0197
MOCK20250607472,4.3956,407.9038,38.141,30.236,3.8336,2.8009,2.7225
MOCK20250607473,5.114,407.6249,39.2111,28.9247,4.0993,3.4125,2.3806
MOCK20250607474,4.9338,397.2455,39.0827,30.1215,3.2612,3.6176,3.0358
MOCK20250608475,5.01,404.8417,38.6923,29.7355,4.0213,2.1238,2.7395
MOCK20250608476,4.1873,394.1551,39.2968,30.0344,2.7355,3.3931,2.0862
MOCK20250608477,4.236,385.678,39.1655,29.9392,3.4909,2.7917,2.6525
MOCK20250609478,4.4481,404.9145,38.8832,29.9843,5.6468,3.3273,3.2394
MOCK20250609479,4.3508,395.7275,38.9499,28.8187,3.846,2.3513,1.6657
MOCK20250609480,4.493,393.2762,38.9118,30.6414,4.524,4.182,2.8612
MOCK20250610481,4.4718,412.8042,38.998,30.2266,4.5303,2.1174,2.4391
MOCK20250610482,4.3308,398.5807,39.1611,29.6724,3.6101,2.6527,3.2916
MOCK20250610483,4.4961,396.2674,38.9318,29.9624,4.6919,3.6128,2.6204
MOCK20250611484,4.6087,413.8569,39.1959,31.1291,4.2938,2.7564,2.5151
MOCK20250611485,5.127,396.7945,39.5621,28.9523,4.3181,3.293,3.1269
MOCK20250611486,5.0155,396.6848,38.6514,29.7006,4.6173,2.7014,2.3675
MOCK20250612487,4.8905,408.0935,38.9488,29.8154,2.3096,3.3484,2.0068
MOCK20250612488,4.5096,387.7734,39.3125,30.6178,4.3082,2.2481,2.0672
MOCK20250612489,4.5432,403.3441,38.3003,27.7891,3.2746,3.1484,2.085
MOCK20250613490,4.1952,396.1695,39.3994,30.4883,3.9489,4.109,3.0983
MOCK20250613491,4.6535,399.5563,39.0695,29.6927,4.5386,3.0265,2.5129
MOCK20250613492,4.6026,405.5784,38.4823,30.2376,4.6131,3.5978,2.6005
MOCK20250614493,4.3957,401.5572,38.49,30.4232,3.8799,3.1698,2.1289
MOCK20250614494,4.8572,404.2139,38.7537,30.3188,3.395,3.364,3.0591
MOCK20250614495,4.6774,399.6341,39.425,29.2366,4.5608,1.9924,2.6778
MOCK20250615496,4.7646,413.1966,38.7104,30.6993,3.9604,4.4987,1.9408
MOCK20250615497,4.7473,395.1128,39.0518,29.7976,3.5905,4.2137,2.6905
MOCK20250615498,4.7983,395.1995,38.6928,29.7603,3.5052,3.4968,2.5045
MOCK20250616499,4.8037,395.746,39.0697,31.2086,5.6434,2.1506,2.796
MOCK20250616500,5.1987,393.7345,38.1981,29.0639,3.8073,3.8246,2.9198
